{
    "Settings": [
        {
            "curie_temp" : 1042.15,
            "epsilon" : 0.36,
            "csp" : 477,
            "m" : 0.018864,
            "A" : 0.00272,
            "dt" : 0.1,
            "Pzu" : 500,
            "eta_before" : 0.972,
            "curie_factor" : 0.1,
            "Tinit" : 293.15
        }
    ]
}